# Redirects for old Jekyll site URLs
# Format: from  to  status

# DAO resources (old paths)
/curation-dao               /writing/dao-governance-resources/  301
/curation-dao/              /writing/dao-governance-resources/  301
/daogov                     /writing/dao-governance-resources/  301
/daogov/                    /writing/dao-governance-resources/  301
/daogov/resource_list       /writing/dao-governance-resources/  301
/daogov/resource_list/      /writing/dao-governance-resources/  301
/daogov/resource_list/*     /writing/dao-governance-resources/  301

# Talks → CV presentations
/talks                      /cv/#presentations                  301
/talks/                     /cv/#presentations                  301
/talks/*                    /cv/#presentations                  301

# Markdown (old Jekyll content)
/markdown                   /                                   301
/markdown/                  /                                   301
/writing/writing-in-markdown /                                  301

# Publications → CV
/publications               /cv/#publications                   301
/publications/              /cv/#publications                   301
/publication/*              /cv/#publications                   301

# Old posts path
/posts/2024/06/openai-discord   https://github.com/linxule/openai-assistants-discord-bot  301
/posts/2024/06/openai-discord/  https://github.com/linxule/openai-assistants-discord-bot  301
/posts/2020/06/resources-for-dao-research/*  /writing/dao-governance-resources/  301
/posts/*                    /writing/                           301

# Sitemap
/sitemap                    /sitemap.xml                        301

# Chinese CV → Google Translate
/cv-zh                      https://translate.google.com/translate?sl=en&tl=zh-CN&u=https://linxule.com/cv/  301
/cv-zh/                     https://translate.google.com/translate?sl=en&tl=zh-CN&u=https://linxule.com/cv/  301

# Case sensitivity fixes
/cV                         /cv/                                301
/CV                         /cv/                                301
/Writing                    /writing/                           301
/Making                     /making/                            301

# LLM.txt variants → canonical llms.txt
/llm.txt                    /llms.txt                           301
/llm                        /llms.txt                           301
/llm/                       /llms.txt                           301
/llms                       /llms.txt                           301
/llms/                      /llms.txt                           301

# Old archive pages
/collection-archive         /writing/                           301
/collection-archive/        /writing/                           301
/year-archive               /writing/                           301
/year-archive/              /writing/                           301

# Old projects
/projects/md_academic       /writing/macaw-markdown-academic-writing/  301
/projects/md_academic/      /writing/macaw-markdown-academic-writing/  301
/projects/*                 /writing/                           301
